{
    "accuracy": 0.9867104887110603,
    "precision": 1.0,
    "recall": 0.0014316392269148174
}